epoch,accuracy,loss,val_accuracy,val_loss
0,0.4968983058928181,1.7725537111193448,0.5789999961853027,1.480794072151184
1,0.5655585164993496,1.3933357495372578,0.5640000104904175,1.3488130569458008
2,0.5606658614793066,1.3214288715588844,0.5569999814033508,1.3161911964416504
3,0.5576957240953284,1.3005996307579137,0.5569999814033508,1.3033053874969482
